epoch,time,train/box_loss,train/cls_loss,train/dfl_loss,metrics/precision(B),metrics/recall(B),metrics/mAP50(B),metrics/mAP50-95(B),val/box_loss,val/cls_loss,val/dfl_loss,lr/pg0,lr/pg1,lr/pg2
1,15.6438,1.47746,1.55038,1.38017,0,0,0,0,0.61908,1.56979,0.93523,0.0702459,0.00330601,0.00330601
2,30.6559,0.75046,0.61333,0.945,0.99336,0.80811,0.90111,0.79218,0.60082,0.5304,0.90391,0.040213,0.00660648,0.00660648
3,45.1468,0.7685,0.57007,0.93998,0.99891,0.70656,0.85263,0.77195,0.6136,0.48356,0.91978,0.0101472,0.00987395,0.00987395
4,59.5845,0.72284,0.53267,0.93245,0.99944,0.69035,0.84476,0.77706,0.54322,0.41929,0.89723,0.0098515,0.0098515,0.0098515
5,74.0844,0.66117,0.47724,0.91745,0.99945,0.70425,0.85189,0.80909,0.49136,0.38977,0.87533,0.009802,0.009802,0.009802
6,88.6278,0.61285,0.43591,0.90022,0.99898,0.75985,0.8794,0.82966,0.47853,0.36648,0.87514,0.0097525,0.0097525,0.0097525
7,103.146,0.5915,0.40763,0.89397,0.99945,0.70463,0.85183,0.81658,0.45312,0.3273,0.86548,0.009703,0.009703,0.009703
8,117.869,0.56746,0.38793,0.88916,0.9995,0.76873,0.88394,0.84877,0.42182,0.31049,0.85513,0.0096535,0.0096535,0.0096535
9,132.409,0.54905,0.36594,0.87806,0.99948,0.73552,0.86742,0.83224,0.43803,0.29968,0.86206,0.009604,0.009604,0.009604
10,146.954,0.53167,0.35978,0.87992,0.99944,0.6888,0.84398,0.81469,0.41364,0.29841,0.85691,0.0095545,0.0095545,0.0095545
11,161.462,0.52144,0.34355,0.87588,0.99942,0.66023,0.82977,0.81383,0.37873,0.27425,0.84956,0.009505,0.009505,0.009505
12,181.982,0.50358,0.33617,0.86664,0.99942,0.67104,0.83508,0.81797,0.36252,0.26766,0.84545,0.0094555,0.0094555,0.0094555
13,202.254,0.49869,0.32984,0.86959,0.99941,0.65405,0.82651,0.81334,0.36545,0.26023,0.84662,0.009406,0.009406,0.009406
14,217.222,0.48181,0.31881,0.86428,0.99944,0.68919,0.84412,0.82619,0.40112,0.26657,0.84747,0.0093565,0.0093565,0.0093565
15,231.963,0.47888,0.3125,0.86063,0.99948,0.73629,0.86765,0.85143,0.36218,0.25612,0.84272,0.009307,0.009307,0.009307
16,246.985,0.47127,0.30865,0.85856,0.99949,0.75521,0.87712,0.86058,0.35788,0.24865,0.84277,0.0092575,0.0092575,0.0092575
17,261.832,0.45987,0.30191,0.86083,0.99948,0.7444,0.8717,0.85457,0.35868,0.24529,0.84142,0.009208,0.009208,0.009208
18,276.732,0.4543,0.29568,0.85772,0.99949,0.75869,0.87888,0.86434,0.34027,0.23706,0.83558,0.0091585,0.0091585,0.0091585
19,291.466,0.44455,0.29295,0.85516,0.99945,0.70116,0.85015,0.83846,0.34134,0.23988,0.83649,0.009109,0.009109,0.009109
20,307.331,0.44119,0.29102,0.8512,0.99946,0.71467,0.85684,0.84807,0.33049,0.23197,0.83563,0.0090595,0.0090595,0.0090595
21,330.439,0.44099,0.28743,0.85486,0.99943,0.68185,0.84043,0.83008,0.32915,0.22578,0.83787,0.00901,0.00901,0.00901
22,354.155,0.43439,0.284,0.85098,0.99947,0.7305,0.86479,0.85447,0.32377,0.21806,0.83374,0.0089605,0.0089605,0.0089605
23,377.871,0.43061,0.27886,0.85175,0.99946,0.71622,0.85763,0.8482,0.32037,0.21503,0.83397,0.008911,0.008911,0.008911
24,401.276,0.42515,0.27231,0.84921,0.99948,0.74363,0.87132,0.85804,0.34188,0.22804,0.83987,0.0088615,0.0088615,0.0088615
25,424.321,0.4239,0.27249,0.84562,0.99948,0.73977,0.86945,0.85645,0.33179,0.23697,0.83397,0.008812,0.008812,0.008812
26,447.518,0.41505,0.26961,0.84725,0.99945,0.69807,0.84854,0.84005,0.31697,0.21885,0.82948,0.0087625,0.0087625,0.0087625
27,470.677,0.41751,0.26949,0.84782,0.99948,0.74556,0.87231,0.86113,0.32345,0.21995,0.83231,0.008713,0.008713,0.008713
28,494.42,0.41005,0.2683,0.84516,0.99949,0.75521,0.87711,0.86649,0.31418,0.21019,0.82943,0.0086635,0.0086635,0.0086635
29,518.2,0.40555,0.26341,0.84623,0.99946,0.71004,0.85455,0.84604,0.30531,0.21072,0.82918,0.008614,0.008614,0.008614
30,541.607,0.40375,0.26381,0.84169,0.99948,0.74749,0.87326,0.86286,0.30106,0.2118,0.82631,0.0085645,0.0085645,0.0085645
31,564.951,0.40062,0.2566,0.84254,0.9995,0.77027,0.8847,0.8728,0.30796,0.20521,0.82778,0.008515,0.008515,0.008515
32,588.571,0.39765,0.25468,0.84127,0.9995,0.77452,0.88676,0.87512,0.30545,0.20411,0.82649,0.0084655,0.0084655,0.0084655
33,611.966,0.39495,0.2551,0.84058,0.99951,0.78996,0.89455,0.88383,0.30036,0.21088,0.82376,0.008416,0.008416,0.008416
34,635.603,0.38552,0.25233,0.84132,0.9995,0.76525,0.88213,0.8733,0.29776,0.19579,0.82465,0.0083665,0.0083665,0.0083665
35,659.027,0.38968,0.25207,0.84077,0.99944,0.68726,0.84313,0.83768,0.29139,0.20395,0.82274,0.008317,0.008317,0.008317
36,682.645,0.38747,0.24982,0.83874,0.9995,0.77413,0.88657,0.87693,0.28588,0.19071,0.824,0.0082675,0.0082675,0.0082675
37,706.372,0.38511,0.24875,0.84231,0.99952,0.79768,0.89837,0.8873,0.28816,0.19292,0.8244,0.008218,0.008218,0.008218
38,729.956,0.38316,0.24887,0.83698,0.9995,0.7695,0.8843,0.87493,0.29129,0.19737,0.82398,0.0081685,0.0081685,0.0081685
39,753.54,0.37404,0.24817,0.83716,0.9995,0.77104,0.88506,0.87651,0.28812,0.1902,0.82225,0.008119,0.008119,0.008119
40,777.023,0.37677,0.24458,0.83947,0.99952,0.80347,0.90125,0.89125,0.28062,0.19026,0.82196,0.0080695,0.0080695,0.0080695
41,800.586,0.37097,0.24444,0.8346,0.99948,0.74556,0.8723,0.86496,0.28455,0.19281,0.82323,0.00802,0.00802,0.00802
42,824.056,0.36723,0.23903,0.83464,0.99951,0.78494,0.89201,0.88156,0.29569,0.19565,0.82446,0.0079705,0.0079705,0.0079705
43,848.122,0.37149,0.24217,0.83806,0.9995,0.76448,0.88177,0.87423,0.27953,0.18936,0.82129,0.007921,0.007921,0.007921
44,871.893,0.3689,0.23747,0.83513,0.99951,0.78842,0.89374,0.88446,0.27524,0.18662,0.81905,0.0078715,0.0078715,0.0078715
45,895.795,0.36822,0.2398,0.83416,0.99953,0.81737,0.90822,0.89792,0.28326,0.18635,0.82144,0.007822,0.007822,0.007822
46,919.312,0.36075,0.23448,0.83213,0.99948,0.74015,0.86963,0.86281,0.28709,0.19121,0.82165,0.0077725,0.0077725,0.0077725
47,936.759,0.36028,0.23177,0.83572,0.99951,0.79073,0.89492,0.88486,0.27888,0.18355,0.82122,0.007723,0.007723,0.007723
48,951.516,0.35699,0.23117,0.83155,0.9995,0.77876,0.88893,0.8808,0.27505,0.18639,0.82031,0.0076735,0.0076735,0.0076735
49,973.016,0.35984,0.23104,0.83282,0.99953,0.82625,0.91265,0.90215,0.283,0.18806,0.82122,0.007624,0.007624,0.007624
50,996.827,0.35879,0.23248,0.83325,0.99905,0.81004,0.90458,0.8963,0.27477,0.17923,0.82086,0.0075745,0.0075745,0.0075745
51,1020.25,0.35442,0.22933,0.83315,0.99951,0.7888,0.89397,0.8864,0.2721,0.18613,0.81998,0.007525,0.007525,0.007525
52,1038.18,0.35157,0.23088,0.83287,0.99951,0.79344,0.89632,0.88806,0.2664,0.1777,0.81796,0.0074755,0.0074755,0.0074755
53,1058.23,0.3513,0.22697,0.83263,0.99952,0.81236,0.9057,0.89656,0.2738,0.17497,0.82005,0.007426,0.007426,0.007426
54,1081.4,0.3528,0.22863,0.83162,0.99952,0.79884,0.89897,0.89001,0.27556,0.18107,0.81714,0.0073765,0.0073765,0.0073765
55,1104.49,0.35041,0.22702,0.83224,0.99953,0.82239,0.91072,0.90003,0.27621,0.17455,0.8212,0.007327,0.007327,0.007327
56,1127.73,0.34722,0.22383,0.83071,0.99951,0.79112,0.8951,0.88736,0.27201,0.17841,0.82104,0.0072775,0.0072775,0.0072775
57,1146,0.34455,0.22153,0.82855,0.99951,0.79421,0.89665,0.8893,0.2617,0.17135,0.81381,0.007228,0.007228,0.007228
58,1160.78,0.34264,0.21933,0.8253,0.99952,0.80772,0.90339,0.89568,0.26277,0.17002,0.81723,0.0071785,0.0071785,0.0071785
59,1175.52,0.34144,0.21996,0.8278,0.99952,0.80541,0.90221,0.89367,0.2696,0.17366,0.81937,0.007129,0.007129,0.007129
60,1190.43,0.33972,0.22232,0.82871,0.99908,0.83514,0.91702,0.90765,0.26111,0.17343,0.81699,0.0070795,0.0070795,0.0070795
61,1205.19,0.33251,0.21985,0.82428,0.99953,0.82857,0.91387,0.90522,0.25514,0.16996,0.81329,0.00703,0.00703,0.00703
62,1220.03,0.33694,0.2212,0.82624,0.99952,0.79846,0.89879,0.89221,0.25275,0.16783,0.81331,0.0069805,0.0069805,0.0069805
63,1234.62,0.33729,0.21694,0.82705,0.99905,0.80849,0.90374,0.89676,0.25572,0.1692,0.81354,0.006931,0.006931,0.006931
64,1249.57,0.33372,0.21198,0.82614,0.99906,0.82162,0.91036,0.90194,0.25689,0.16753,0.81318,0.0068815,0.0068815,0.0068815
65,1264.35,0.32925,0.21422,0.82597,0.99953,0.82471,0.91186,0.90392,0.2559,0.166,0.81463,0.006832,0.006832,0.006832
66,1286.48,0.33342,0.21431,0.82357,0.99953,0.81699,0.90802,0.89939,0.26578,0.16814,0.81698,0.0067825,0.0067825,0.0067825
67,1301.23,0.33147,0.21402,0.82577,0.99952,0.8027,0.90097,0.89351,0.25797,0.16913,0.81192,0.006733,0.006733,0.006733
68,1316.03,0.32818,0.20793,0.82345,0.99909,0.84981,0.92444,0.91471,0.25097,0.16325,0.81225,0.0066835,0.0066835,0.0066835
69,1330.86,0.32802,0.21098,0.82508,0.99953,0.82625,0.9127,0.90464,0.24916,0.16175,0.81093,0.006634,0.006634,0.006634
70,1345.77,0.32686,0.21121,0.82474,0.99906,0.8251,0.91201,0.90421,0.25241,0.164,0.81164,0.0065845,0.0065845,0.0065845
71,1360.56,0.32352,0.20704,0.82228,0.99908,0.84208,0.92051,0.91179,0.25039,0.16294,0.81188,0.006535,0.006535,0.006535
72,1375.33,0.32433,0.21144,0.82888,0.99953,0.82703,0.91304,0.90526,0.25036,0.16352,0.81147,0.0064855,0.0064855,0.0064855
73,1395.75,0.32045,0.208,0.82123,0.99954,0.84054,0.91984,0.91119,0.25094,0.16451,0.81158,0.006436,0.006436,0.006436
74,1410.62,0.31857,0.20698,0.82665,0.99954,0.84517,0.92215,0.91336,0.24916,0.16017,0.81298,0.0063865,0.0063865,0.0063865
75,1425.6,0.31813,0.20534,0.82065,0.99955,0.86641,0.93271,0.92254,0.24785,0.16047,0.8102,0.006337,0.006337,0.006337
76,1440.5,0.32128,0.20728,0.82402,0.99953,0.82201,0.91053,0.90349,0.24405,0.15804,0.81035,0.0062875,0.0062875,0.0062875
77,1455.31,0.31804,0.20419,0.8246,0.99955,0.85212,0.9256,0.91696,0.24356,0.15609,0.81114,0.006238,0.006238,0.006238
78,1470.29,0.31724,0.2039,0.82443,0.99954,0.83282,0.91594,0.90879,0.24494,0.15959,0.81136,0.0061885,0.0061885,0.0061885
79,1486.72,0.31752,0.20308,0.82481,0.99954,0.84131,0.92022,0.91224,0.24219,0.15712,0.81028,0.006139,0.006139,0.006139
80,1509.69,0.31416,0.20052,0.82417,0.99954,0.84595,0.92249,0.91373,0.24133,0.15432,0.80924,0.0060895,0.0060895,0.0060895
81,1533.03,0.31341,0.20269,0.81963,0.99954,0.8332,0.91611,0.90859,0.25027,0.16164,0.81138,0.00604,0.00604,0.00604
82,1555.95,0.31189,0.20246,0.82449,0.99954,0.8471,0.92307,0.91456,0.24004,0.15543,0.80902,0.0059905,0.0059905,0.0059905
83,1579.14,0.30903,0.19815,0.82171,0.99955,0.85097,0.92504,0.91695,0.23943,0.15451,0.80922,0.005941,0.005941,0.005941
84,1602.41,0.30435,0.19658,0.81777,0.99955,0.85251,0.92577,0.91818,0.23531,0.1523,0.80797,0.0058915,0.0058915,0.0058915
85,1625.61,0.3078,0.20108,0.81871,0.99954,0.84247,0.92083,0.91236,0.24105,0.15804,0.80855,0.005842,0.005842,0.005842
86,1649.36,0.31332,0.20177,0.82085,0.99954,0.84208,0.92061,0.91274,0.23918,0.1553,0.80801,0.0057925,0.0057925,0.0057925
87,1672.71,0.31084,0.19766,0.81966,0.99955,0.85019,0.92469,0.91697,0.23837,0.15252,0.80863,0.005743,0.005743,0.005743
88,1696.07,0.30582,0.19681,0.82135,0.99954,0.84402,0.92153,0.9137,0.23751,0.15328,0.80958,0.0056935,0.0056935,0.0056935
89,1719.12,0.30492,0.19745,0.82085,0.9991,0.85753,0.92815,0.92009,0.23717,0.15392,0.80861,0.005644,0.005644,0.005644
90,1742.97,0.30159,0.1945,0.81725,0.99954,0.84672,0.92288,0.91511,0.23444,0.15097,0.80707,0.0055945,0.0055945,0.0055945
91,1768.28,0.29993,0.19482,0.81733,0.99955,0.8529,0.92597,0.91792,0.23418,0.15153,0.80908,0.005545,0.005545,0.005545
92,1791.89,0.30204,0.19357,0.82116,0.99956,0.87027,0.93472,0.92636,0.23047,0.14761,0.80581,0.0054955,0.0054955,0.0054955
93,1815.06,0.3062,0.19374,0.81885,0.99954,0.84402,0.92152,0.91356,0.2324,0.14976,0.80774,0.005446,0.005446,0.005446
94,1837.98,0.29785,0.191,0.81871,0.99955,0.85985,0.92957,0.92235,0.22963,0.14639,0.80584,0.0053965,0.0053965,0.0053965
95,1860.95,0.29284,0.18935,0.81706,0.99955,0.86525,0.93214,0.92376,0.23041,0.14769,0.80732,0.005347,0.005347,0.005347
96,1883.67,0.2961,0.18852,0.81898,0.99911,0.86216,0.93058,0.92177,0.23365,0.14911,0.80854,0.0052975,0.0052975,0.0052975
97,1906.48,0.29498,0.18944,0.81858,0.99955,0.86062,0.92987,0.92171,0.23731,0.14748,0.8079,0.005248,0.005248,0.005248
98,1929.37,0.29505,0.19127,0.81897,0.99956,0.86873,0.93393,0.92509,0.23073,0.14556,0.8055,0.0051985,0.0051985,0.0051985
99,1952.37,0.29949,0.19128,0.8176,0.99955,0.84865,0.92391,0.91761,0.22762,0.14471,0.80503,0.005149,0.005149,0.005149
100,1975.25,0.29802,0.18938,0.82001,0.99956,0.87606,0.93758,0.92919,0.22638,0.1444,0.80496,0.0050995,0.0050995,0.0050995
101,1998.16,0.29172,0.18797,0.81747,0.99955,0.86332,0.93119,0.92335,0.2268,0.1447,0.80487,0.00505,0.00505,0.00505
102,2021.19,0.29221,0.18887,0.82145,0.99956,0.87336,0.93625,0.92743,0.2287,0.14383,0.80597,0.0050005,0.0050005,0.0050005
103,2044.33,0.29254,0.1868,0.81708,0.99956,0.87027,0.93472,0.92608,0.22665,0.14432,0.80462,0.004951,0.004951,0.004951
104,2067.52,0.29198,0.19143,0.81591,0.99956,0.8722,0.93564,0.92693,0.23053,0.1495,0.80555,0.0049015,0.0049015,0.0049015
105,2090.46,0.28826,0.18396,0.81705,0.99956,0.86795,0.93354,0.92533,0.22803,0.14478,0.80628,0.004852,0.004852,0.004852
106,2113.34,0.28773,0.18475,0.81554,0.99913,0.88185,0.94045,0.93216,0.22694,0.14299,0.80616,0.0048025,0.0048025,0.0048025
107,2136.28,0.2843,0.1828,0.81401,0.99956,0.87722,0.93821,0.92965,0.2256,0.14157,0.80538,0.004753,0.004753,0.004753
108,2159.46,0.28433,0.18435,0.81314,0.99913,0.88687,0.94298,0.93447,0.2223,0.14155,0.80473,0.0047035,0.0047035,0.0047035
109,2182.48,0.28058,0.17947,0.81381,0.99956,0.87683,0.93804,0.93047,0.22215,0.14088,0.80374,0.004654,0.004654,0.004654
110,2205.64,0.28377,0.18292,0.81252,0.99955,0.8556,0.92735,0.92102,0.21902,0.13771,0.80303,0.0046045,0.0046045,0.0046045
111,2228.6,0.28037,0.18203,0.81545,0.99955,0.86718,0.93312,0.92549,0.22215,0.14189,0.80433,0.004555,0.004555,0.004555
112,2251.69,0.28154,0.17983,0.81397,0.99957,0.8888,0.94395,0.93539,0.21984,0.13934,0.8039,0.0045055,0.0045055,0.0045055
113,2274.7,0.28036,0.18217,0.81188,0.99956,0.87066,0.9349,0.92704,0.2218,0.13994,0.80522,0.004456,0.004456,0.004456
114,2297.78,0.27979,0.18165,0.81389,0.99956,0.88185,0.94055,0.93214,0.21921,0.14052,0.80471,0.0044065,0.0044065,0.0044065
115,2320.81,0.27569,0.17748,0.81095,0.99957,0.88726,0.94316,0.93512,0.21943,0.13975,0.80438,0.004357,0.004357,0.004357
116,2343.87,0.27569,0.17719,0.81118,0.99957,0.89073,0.94495,0.93678,0.21693,0.13906,0.80275,0.0043075,0.0043075,0.0043075
117,2367.04,0.27559,0.17618,0.81289,0.99956,0.87838,0.93878,0.93102,0.21692,0.1381,0.80256,0.004258,0.004258,0.004258
118,2390.05,0.27439,0.17825,0.81241,0.99956,0.87606,0.93757,0.9306,0.21775,0.13898,0.80312,0.0042085,0.0042085,0.0042085
119,2413.27,0.27464,0.17614,0.81357,0.99956,0.88069,0.93999,0.93266,0.21587,0.1361,0.80127,0.004159,0.004159,0.004159
120,2436.43,0.27197,0.17464,0.81263,0.99956,0.87413,0.93658,0.92906,0.21689,0.13613,0.80138,0.0041095,0.0041095,0.0041095
121,2459.73,0.27492,0.17804,0.81339,0.99912,0.87838,0.93868,0.9304,0.21544,0.13577,0.80382,0.00406,0.00406,0.00406
122,2482.84,0.27223,0.17573,0.81451,0.99913,0.88571,0.94216,0.93415,0.21831,0.13685,0.80383,0.0040105,0.0040105,0.0040105
123,2506.06,0.27154,0.17366,0.81184,0.99956,0.88687,0.94299,0.93459,0.21076,0.13174,0.80196,0.003961,0.003961,0.003961
124,2528.97,0.27052,0.17251,0.8117,0.99956,0.87992,0.93962,0.93148,0.21694,0.13507,0.80341,0.0039115,0.0039115,0.0039115
125,2551.98,0.26915,0.17142,0.81204,0.99956,0.88456,0.94177,0.93395,0.21297,0.13192,0.80195,0.003862,0.003862,0.003862
126,2575.2,0.26822,0.17176,0.81233,0.99957,0.88764,0.94334,0.93521,0.21059,0.13189,0.8011,0.0038125,0.0038125,0.0038125
127,2598.14,0.26529,0.17027,0.81023,0.99913,0.89035,0.94466,0.93667,0.21097,0.13278,0.80016,0.003763,0.003763,0.003763
128,2621.12,0.26549,0.17125,0.80805,0.99957,0.88958,0.94436,0.93644,0.21096,0.13128,0.80195,0.0037135,0.0037135,0.0037135
129,2644.28,0.26838,0.17035,0.81073,0.99957,0.90116,0.95017,0.94185,0.21322,0.13392,0.80147,0.003664,0.003664,0.003664
130,2667.22,0.26809,0.17203,0.81091,0.99956,0.88649,0.94276,0.93537,0.21243,0.13305,0.80098,0.0036145,0.0036145,0.0036145
131,2690.15,0.26484,0.17008,0.81201,0.99957,0.89344,0.94621,0.93842,0.21221,0.13315,0.80107,0.003565,0.003565,0.003565
132,2713.18,0.26319,0.1708,0.80917,0.99957,0.89653,0.94776,0.94023,0.2077,0.13238,0.79973,0.0035155,0.0035155,0.0035155
133,2736.08,0.26652,0.1705,0.80983,0.99957,0.89151,0.94532,0.93789,0.2115,0.13287,0.80128,0.003466,0.003466,0.003466
134,2759.09,0.26292,0.16876,0.81069,0.99957,0.89344,0.94622,0.93853,0.20872,0.13259,0.7991,0.0034165,0.0034165,0.0034165
135,2782.7,0.25918,0.16651,0.81049,0.99915,0.90579,0.95233,0.94439,0.20714,0.12879,0.79983,0.003367,0.003367,0.003367
136,2805.79,0.25969,0.16689,0.80666,0.99957,0.89691,0.94798,0.9399,0.20536,0.13011,0.79922,0.0033175,0.0033175,0.0033175
137,2828.85,0.2601,0.16889,0.80777,0.99957,0.89266,0.94583,0.93889,0.20262,0.12871,0.79818,0.003268,0.003268,0.003268
138,2851.85,0.25565,0.16622,0.80894,0.99957,0.89691,0.948,0.94049,0.20331,0.12738,0.7989,0.0032185,0.0032185,0.0032185
139,2874.85,0.25558,0.1639,0.80866,0.99957,0.90077,0.94997,0.94221,0.2041,0.1275,0.79892,0.003169,0.003169,0.003169
140,2897.81,0.25711,0.16344,0.80878,0.99915,0.9027,0.95082,0.94346,0.20175,0.1261,0.79889,0.0031195,0.0031195,0.0031195
141,2920.75,0.25449,0.16169,0.80828,0.99957,0.89614,0.94756,0.94072,0.20247,0.12608,0.79837,0.00307,0.00307,0.00307
142,2943.64,0.2565,0.16398,0.80896,0.99957,0.89884,0.94898,0.94172,0.20302,0.12567,0.79921,0.0030205,0.0030205,0.0030205
143,2966.65,0.25304,0.16299,0.80661,0.99957,0.90541,0.9522,0.9444,0.20453,0.12652,0.79915,0.002971,0.002971,0.002971
144,2989.74,0.25423,0.16161,0.80864,0.99957,0.9,0.9496,0.94214,0.20255,0.12667,0.7982,0.0029215,0.0029215,0.0029215
145,3012.96,0.25133,0.16239,0.80707,0.99957,0.90579,0.95238,0.94517,0.19945,0.12506,0.79711,0.002872,0.002872,0.002872
146,3035.98,0.25116,0.15978,0.80818,0.99957,0.90463,0.95179,0.94467,0.2001,0.12444,0.79749,0.0028225,0.0028225,0.0028225
147,3058.89,0.25072,0.15991,0.8065,0.99957,0.90502,0.952,0.94448,0.19954,0.12496,0.79753,0.002773,0.002773,0.002773
148,42676.1,0.25593,0.16171,0.80812,0.99957,0.90309,0.95106,0.94319,0.20234,0.12461,0.79829,0.0027235,0.0027235,0.0027235
149,42705.3,0.2506,0.16007,0.80748,0.99957,0.90347,0.95124,0.94407,0.20071,0.12336,0.79752,0.002674,0.002674,0.002674
150,42729.1,0.24787,0.15789,0.80708,0.99957,0.90309,0.95108,0.94368,0.2017,0.12313,0.79876,0.0026245,0.0026245,0.0026245
151,42753.1,0.24832,0.15764,0.80918,0.99957,0.90347,0.95122,0.94366,0.20202,0.12322,0.79816,0.002575,0.002575,0.002575
152,42776.6,0.24686,0.15693,0.80626,0.99958,0.91583,0.95738,0.94868,0.20286,0.12503,0.79785,0.0025255,0.0025255,0.0025255
153,42800.2,0.2486,0.15824,0.80594,0.99957,0.90656,0.95277,0.94517,0.19981,0.12253,0.7984,0.002476,0.002476,0.002476
154,42824,0.2497,0.1572,0.80955,0.99958,0.91236,0.95575,0.94795,0.20153,0.12222,0.79801,0.0024265,0.0024265,0.0024265
155,42851.4,0.24549,0.1575,0.80237,0.99916,0.91583,0.95739,0.94944,0.20038,0.12333,0.79812,0.002377,0.002377,0.002377
156,42876.6,0.2447,0.1553,0.80534,0.99958,0.90965,0.95449,0.94706,0.19847,0.12314,0.79819,0.0023275,0.0023275,0.0023275
157,42900.6,0.24255,0.15526,0.80766,0.99957,0.90734,0.95316,0.94569,0.19739,0.12223,0.79764,0.002278,0.002278,0.002278
158,42924.2,0.24393,0.15551,0.80507,0.99915,0.91004,0.95468,0.94783,0.19486,0.12165,0.79692,0.0022285,0.0022285,0.0022285
159,42947.7,0.24357,0.15602,0.80573,0.99958,0.90811,0.95358,0.94622,0.19409,0.12053,0.79707,0.002179,0.002179,0.002179
160,42971.1,0.24687,0.15617,0.80633,0.99957,0.90695,0.953,0.94603,0.19569,0.12156,0.79783,0.0021295,0.0021295,0.0021295
161,42994.5,0.24211,0.15425,0.80496,0.99958,0.9166,0.95784,0.95019,0.19421,0.12041,0.79692,0.00208,0.00208,0.00208
162,43019.2,0.24158,0.15342,0.80533,0.99958,0.91042,0.95483,0.9475,0.19163,0.12001,0.79582,0.0020305,0.0020305,0.0020305
163,43042.7,0.24084,0.15381,0.80623,0.99958,0.9166,0.95779,0.95018,0.19241,0.12043,0.79608,0.001981,0.001981,0.001981
164,43068.1,0.23905,0.15189,0.80542,0.99958,0.92046,0.95985,0.95223,0.19391,0.12038,0.79674,0.0019315,0.0019315,0.0019315
165,43091.2,0.23526,0.14872,0.80283,0.99958,0.92317,0.96112,0.95279,0.19323,0.11959,0.79675,0.001882,0.001882,0.001882
166,43114.8,0.23644,0.15002,0.80803,0.99958,0.92162,0.96037,0.95251,0.1902,0.11691,0.79573,0.0018325,0.0018325,0.0018325
167,43137.5,0.23812,0.14981,0.80755,0.99916,0.91892,0.95905,0.95183,0.19091,0.11707,0.7958,0.001783,0.001783,0.001783
168,43160.4,0.23585,0.14924,0.80458,0.99958,0.91892,0.95911,0.95143,0.19152,0.11759,0.79628,0.0017335,0.0017335,0.0017335
169,43183.1,0.23444,0.14853,0.80679,0.99958,0.91969,0.95952,0.95215,0.1886,0.11654,0.79513,0.001684,0.001684,0.001684
170,43206,0.23318,0.14767,0.8026,0.99958,0.92201,0.96058,0.95315,0.18758,0.11532,0.79478,0.0016345,0.0016345,0.0016345
171,43228.8,0.23508,0.14733,0.80425,0.99958,0.92046,0.95986,0.95277,0.18749,0.11589,0.79478,0.001585,0.001585,0.001585
172,43251.7,0.23058,0.14549,0.80249,0.99917,0.92548,0.96217,0.95459,0.18713,0.11536,0.79495,0.0015355,0.0015355,0.0015355
173,43274.5,0.2341,0.14802,0.8022,0.99958,0.92317,0.96113,0.95367,0.18733,0.11558,0.79527,0.001486,0.001486,0.001486
174,43297.4,0.23367,0.14576,0.805,0.99958,0.92008,0.95971,0.95249,0.18697,0.11445,0.79449,0.0014365,0.0014365,0.0014365
175,43320.8,0.22754,0.14466,0.80309,0.99958,0.92085,0.96005,0.95253,0.18674,0.11439,0.79434,0.001387,0.001387,0.001387
176,43345.6,0.22706,0.1438,0.79965,0.99958,0.92046,0.9599,0.95274,0.18518,0.11306,0.79403,0.0013375,0.0013375,0.0013375
177,43371,0.22777,0.14379,0.80509,0.99916,0.92394,0.9615,0.95447,0.18462,0.11382,0.79361,0.001288,0.001288,0.001288
178,43398.6,0.22824,0.1436,0.79872,0.99958,0.92548,0.96229,0.95497,0.18579,0.11294,0.79386,0.0012385,0.0012385,0.0012385
179,43426,0.22411,0.14099,0.80234,0.99917,0.92664,0.96277,0.95553,0.18508,0.11279,0.794,0.001189,0.001189,0.001189
180,43453.4,0.22499,0.14262,0.80297,0.99958,0.9278,0.96339,0.95574,0.18654,0.11541,0.79407,0.0011395,0.0011395,0.0011395
181,43480.6,0.22708,0.1429,0.80228,0.99958,0.92432,0.9616,0.95424,0.18509,0.11379,0.79387,0.00109,0.00109,0.00109
182,43507.5,0.22376,0.14159,0.7986,0.99958,0.9251,0.96202,0.95472,0.18411,0.11326,0.79376,0.0010405,0.0010405,0.0010405
183,43533.6,0.22389,0.14161,0.80128,0.99917,0.92934,0.96422,0.95628,0.18423,0.11304,0.79408,0.000991,0.000991,0.000991
184,43558,0.22397,0.14084,0.80493,0.99917,0.93282,0.96585,0.95832,0.18295,0.11284,0.79397,0.0009415,0.0009415,0.0009415
185,43582.1,0.2239,0.14141,0.80144,0.99958,0.92664,0.9628,0.95523,0.18336,0.11261,0.79371,0.000892,0.000892,0.000892
186,43605.3,0.22101,0.14032,0.80059,0.99958,0.92625,0.96259,0.95508,0.18367,0.11268,0.79363,0.0008425,0.0008425,0.0008425
187,43628.4,0.22209,0.13972,0.80012,0.99958,0.92664,0.96278,0.9557,0.18268,0.11179,0.79376,0.000793,0.000793,0.000793
188,43651.5,0.2189,0.13807,0.80413,0.99958,0.92857,0.96383,0.9565,0.18186,0.11164,0.79354,0.0007435,0.0007435,0.0007435
189,43674.4,0.2143,0.13617,0.80139,0.99959,0.93127,0.96521,0.95774,0.18139,0.11113,0.79327,0.000694,0.000694,0.000694
190,43697.4,0.221,0.13954,0.79989,0.99959,0.93243,0.96575,0.95889,0.18163,0.11087,0.79339,0.0006445,0.0006445,0.0006445
191,43735.2,0.1975,0.12737,0.7853,0.99958,0.92355,0.96131,0.95462,0.18257,0.1105,0.79334,0.000595,0.000595,0.000595
192,43749.7,0.19073,0.12201,0.78372,0.99958,0.92934,0.9643,0.95697,0.18339,0.10996,0.79351,0.0005455,0.0005455,0.0005455
193,43764.2,0.18941,0.12222,0.78041,0.99959,0.93012,0.96473,0.95774,0.18254,0.10978,0.79318,0.000496,0.000496,0.000496
194,43779.6,0.18741,0.12018,0.7845,0.99958,0.92973,0.96453,0.9576,0.18068,0.10984,0.79306,0.0004465,0.0004465,0.0004465
195,43802.4,0.18732,0.11918,0.78395,0.99959,0.93127,0.96527,0.95807,0.18165,0.10952,0.79331,0.000397,0.000397,0.000397
196,43825.5,0.18756,0.12045,0.78401,0.99959,0.93514,0.9671,0.95992,0.18027,0.10884,0.79317,0.0003475,0.0003475,0.0003475
197,43848.2,0.18642,0.11877,0.78227,0.99959,0.93398,0.96654,0.95939,0.17998,0.10891,0.79284,0.000298,0.000298,0.000298
198,43871,0.1849,0.11947,0.78139,0.99959,0.93398,0.96653,0.95927,0.17942,0.10864,0.79266,0.0002485,0.0002485,0.0002485
199,43893.7,0.18527,0.11917,0.78313,0.99959,0.93707,0.96808,0.9608,0.17871,0.10893,0.79254,0.000199,0.000199,0.000199
200,43916.4,0.18539,0.1191,0.78283,0.99959,0.93475,0.9669,0.95972,0.17868,0.10848,0.79259,0.0001495,0.0001495,0.0001495
